experiment,run,checkpoint,step,band,mask_len,method,metric,value
exp01_gap_length_activity_sweep,phase1_songs17,best_val,950000,high_activity,1,model,loss,6.485221862792969
exp01_gap_length_activity_sweep,phase1_songs17,best_val,950000,high_activity,1,model,nll,6.485221862792969
exp01_gap_length_activity_sweep,phase1_songs17,best_val,950000,high_activity,1,model,ppl,655.3843535133867
exp01_gap_length_activity_sweep,phase1_songs17,best_val,950000,high_activity,1,model,acc_top1,0.109375
exp01_gap_length_activity_sweep,phase1_songs17,best_val,950000,high_activity,1,model,acc_top5,0.15625
exp01_gap_length_activity_sweep,phase1_songs17,best_val,950000,high_activity,1,model,si_sdr_db,18.29647552837701
exp01_gap_length_activity_sweep,phase1_songs17,best_val,950000,high_activity,1,model,si_sdr_db_gap_only,0.378962991717942
exp01_gap_length_activity_sweep,phase1_songs17,best_val,950000,high_activity,1,model,spectral_convergence,0.09062965819612145
exp01_gap_length_activity_sweep,phase1_songs17,best_val,950000,high_activity,1,model,spectral_convergence_gap_only,0.6089699268341064
exp01_gap_length_activity_sweep,phase1_songs17,best_val,950000,high_activity,2,model,loss,6.703845977783203
exp01_gap_length_activity_sweep,phase1_songs17,best_val,950000,high_activity,2,model,nll,6.703845977783203
exp01_gap_length_activity_sweep,phase1_songs17,best_val,950000,high_activity,2,model,ppl,815.5363360008831
exp01_gap_length_activity_sweep,phase1_songs17,best_val,950000,high_activity,2,model,acc_top1,0.0390625
exp01_gap_length_activity_sweep,phase1_songs17,best_val,950000,high_activity,2,model,acc_top5,0.109375
exp01_gap_length_activity_sweep,phase1_songs17,best_val,950000,high_activity,2,model,si_sdr_db,13.378908284801572
exp01_gap_length_activity_sweep,phase1_songs17,best_val,950000,high_activity,2,model,si_sdr_db_gap_only,-4.2935716900697924
exp01_gap_length_activity_sweep,phase1_songs17,best_val,950000,high_activity,2,model,spectral_convergence,0.16387532372027636
exp01_gap_length_activity_sweep,phase1_songs17,best_val,950000,high_activity,2,model,spectral_convergence_gap_only,0.820380799472332
exp01_gap_length_activity_sweep,phase1_songs17,best_val,950000,high_activity,4,model,loss,6.603442668914795
exp01_gap_length_activity_sweep,phase1_songs17,best_val,950000,high_activity,4,model,nll,6.603442668914795
exp01_gap_length_activity_sweep,phase1_songs17,best_val,950000,high_activity,4,model,ppl,737.6302397654309
exp01_gap_length_activity_sweep,phase1_songs17,best_val,950000,high_activity,4,model,acc_top1,0.05078125
exp01_gap_length_activity_sweep,phase1_songs17,best_val,950000,high_activity,4,model,acc_top5,0.11328125
exp01_gap_length_activity_sweep,phase1_songs17,best_val,950000,high_activity,4,model,si_sdr_db,10.794528158742906
exp01_gap_length_activity_sweep,phase1_songs17,best_val,950000,high_activity,4,model,si_sdr_db_gap_only,-3.485902534658772
exp01_gap_length_activity_sweep,phase1_songs17,best_val,950000,high_activity,4,model,spectral_convergence,0.1997460424900055
exp01_gap_length_activity_sweep,phase1_songs17,best_val,950000,high_activity,4,model,spectral_convergence_gap_only,0.7320163398981094
exp01_gap_length_activity_sweep,phase1_songs17,best_val,950000,high_activity,8,model,loss,7.368743419647217
exp01_gap_length_activity_sweep,phase1_songs17,best_val,950000,high_activity,8,model,nll,7.368743419647217
exp01_gap_length_activity_sweep,phase1_songs17,best_val,950000,high_activity,8,model,ppl,1585.6400465326667
exp01_gap_length_activity_sweep,phase1_songs17,best_val,950000,high_activity,8,model,acc_top1,0.02734375
exp01_gap_length_activity_sweep,phase1_songs17,best_val,950000,high_activity,8,model,acc_top5,0.05859375
exp01_gap_length_activity_sweep,phase1_songs17,best_val,950000,high_activity,8,model,si_sdr_db,5.418842455134319
exp01_gap_length_activity_sweep,phase1_songs17,best_val,950000,high_activity,8,model,si_sdr_db_gap_only,-12.541403300460278
exp01_gap_length_activity_sweep,phase1_songs17,best_val,950000,high_activity,8,model,spectral_convergence,0.29240001551806927
exp01_gap_length_activity_sweep,phase1_songs17,best_val,950000,high_activity,8,model,spectral_convergence_gap_only,0.7249960266053677
exp01_gap_length_activity_sweep,phase1_songs17,best_val,950000,high_activity,16,model,loss,7.517014503479004
exp01_gap_length_activity_sweep,phase1_songs17,best_val,950000,high_activity,16,model,nll,7.517014503479004
exp01_gap_length_activity_sweep,phase1_songs17,best_val,950000,high_activity,16,model,ppl,1839.0685571284
exp01_gap_length_activity_sweep,phase1_songs17,best_val,950000,high_activity,16,model,acc_top1,0.0107421875
exp01_gap_length_activity_sweep,phase1_songs17,best_val,950000,high_activity,16,model,acc_top5,0.037109375
exp01_gap_length_activity_sweep,phase1_songs17,best_val,950000,high_activity,16,model,si_sdr_db,0.17254301667908079
exp01_gap_length_activity_sweep,phase1_songs17,best_val,950000,high_activity,16,model,si_sdr_db_gap_only,-26.915975118522265
exp01_gap_length_activity_sweep,phase1_songs17,best_val,950000,high_activity,16,model,spectral_convergence,0.5098982453346252
exp01_gap_length_activity_sweep,phase1_songs17,best_val,950000,high_activity,16,model,spectral_convergence_gap_only,0.9094020202755928
exp01_gap_length_activity_sweep,phase1_songs17,best_val,950000,low_activity,1,model,loss,3.65142822265625
exp01_gap_length_activity_sweep,phase1_songs17,best_val,950000,low_activity,1,model,nll,3.65142822265625
exp01_gap_length_activity_sweep,phase1_songs17,best_val,950000,low_activity,1,model,ppl,38.52965569815896
exp01_gap_length_activity_sweep,phase1_songs17,best_val,950000,low_activity,1,model,acc_top1,0.046875
exp01_gap_length_activity_sweep,phase1_songs17,best_val,950000,low_activity,1,model,acc_top5,0.34375
exp01_gap_length_activity_sweep,phase1_songs17,best_val,950000,low_activity,1,model,si_sdr_db,15.724873334913617
exp01_gap_length_activity_sweep,phase1_songs17,best_val,950000,low_activity,1,model,si_sdr_db_gap_only,1.815059209517082
exp01_gap_length_activity_sweep,phase1_songs17,best_val,950000,low_activity,1,model,spectral_convergence,0.11704251077026129
exp01_gap_length_activity_sweep,phase1_songs17,best_val,950000,low_activity,1,model,spectral_convergence_gap_only,0.6004128865897655
exp01_gap_length_activity_sweep,phase1_songs17,best_val,950000,low_activity,2,model,loss,3.160465717315674
exp01_gap_length_activity_sweep,phase1_songs17,best_val,950000,low_activity,2,model,nll,3.160465717315674
exp01_gap_length_activity_sweep,phase1_songs17,best_val,950000,low_activity,2,model,ppl,23.58157572027403
exp01_gap_length_activity_sweep,phase1_songs17,best_val,950000,low_activity,2,model,acc_top1,0.1796875
exp01_gap_length_activity_sweep,phase1_songs17,best_val,950000,low_activity,2,model,acc_top5,0.4453125
exp01_gap_length_activity_sweep,phase1_songs17,best_val,950000,low_activity,2,model,si_sdr_db,14.03048730016196
exp01_gap_length_activity_sweep,phase1_songs17,best_val,950000,low_activity,2,model,si_sdr_db_gap_only,4.653663360916127
exp01_gap_length_activity_sweep,phase1_songs17,best_val,950000,low_activity,2,model,spectral_convergence,0.1404615556821227
exp01_gap_length_activity_sweep,phase1_songs17,best_val,950000,low_activity,2,model,spectral_convergence_gap_only,0.4334486424922943
exp01_gap_length_activity_sweep,phase1_songs17,best_val,950000,low_activity,4,model,loss,2.9440956115722656
exp01_gap_length_activity_sweep,phase1_songs17,best_val,950000,low_activity,4,model,nll,2.9440956115722656
exp01_gap_length_activity_sweep,phase1_songs17,best_val,950000,low_activity,4,model,ppl,18.993477135644888
exp01_gap_length_activity_sweep,phase1_songs17,best_val,950000,low_activity,4,model,acc_top1,0.16796875
exp01_gap_length_activity_sweep,phase1_songs17,best_val,950000,low_activity,4,model,acc_top5,0.5859375
exp01_gap_length_activity_sweep,phase1_songs17,best_val,950000,low_activity,4,model,si_sdr_db,8.956046635770727
exp01_gap_length_activity_sweep,phase1_songs17,best_val,950000,low_activity,4,model,si_sdr_db_gap_only,-1.625853257402054
exp01_gap_length_activity_sweep,phase1_songs17,best_val,950000,low_activity,4,model,spectral_convergence,0.21887875627726316
exp01_gap_length_activity_sweep,phase1_songs17,best_val,950000,low_activity,4,model,spectral_convergence_gap_only,0.5790306851267815
exp01_gap_length_activity_sweep,phase1_songs17,best_val,950000,low_activity,8,model,loss,2.9118120670318604
exp01_gap_length_activity_sweep,phase1_songs17,best_val,950000,low_activity,8,model,nll,2.9118120670318604
exp01_gap_length_activity_sweep,phase1_songs17,best_val,950000,low_activity,8,model,ppl,18.390092472795942
exp01_gap_length_activity_sweep,phase1_songs17,best_val,950000,low_activity,8,model,acc_top1,0.18359375
exp01_gap_length_activity_sweep,phase1_songs17,best_val,950000,low_activity,8,model,acc_top5,0.564453125
exp01_gap_length_activity_sweep,phase1_songs17,best_val,950000,low_activity,8,model,si_sdr_db,6.306151704196623
exp01_gap_length_activity_sweep,phase1_songs17,best_val,950000,low_activity,8,model,si_sdr_db_gap_only,-9.702776473553294
exp01_gap_length_activity_sweep,phase1_songs17,best_val,950000,low_activity,8,model,spectral_convergence,0.299178714863956
exp01_gap_length_activity_sweep,phase1_songs17,best_val,950000,low_activity,8,model,spectral_convergence_gap_only,0.8517417572438717
exp01_gap_length_activity_sweep,phase1_songs17,best_val,950000,low_activity,16,model,loss,3.7184319496154785
exp01_gap_length_activity_sweep,phase1_songs17,best_val,950000,low_activity,16,model,nll,3.7184319496154785
exp01_gap_length_activity_sweep,phase1_songs17,best_val,950000,low_activity,16,model,ppl,41.199740163131274
exp01_gap_length_activity_sweep,phase1_songs17,best_val,950000,low_activity,16,model,acc_top1,0.130859375
exp01_gap_length_activity_sweep,phase1_songs17,best_val,950000,low_activity,16,model,acc_top5,0.423828125
exp01_gap_length_activity_sweep,phase1_songs17,best_val,950000,low_activity,16,model,si_sdr_db,1.8772177859284327
exp01_gap_length_activity_sweep,phase1_songs17,best_val,950000,low_activity,16,model,si_sdr_db_gap_only,-19.758186554685317
exp01_gap_length_activity_sweep,phase1_songs17,best_val,950000,low_activity,16,model,spectral_convergence,0.45834479853510857
exp01_gap_length_activity_sweep,phase1_songs17,best_val,950000,low_activity,16,model,spectral_convergence_gap_only,0.8345200642943382
exp01_gap_length_activity_sweep,phase2_regularization,best_val,25000,high_activity,1,model,loss,6.484710693359375
exp01_gap_length_activity_sweep,phase2_regularization,best_val,25000,high_activity,1,model,nll,6.484710693359375
exp01_gap_length_activity_sweep,phase2_regularization,best_val,25000,high_activity,1,model,ppl,655.0494266740893
exp01_gap_length_activity_sweep,phase2_regularization,best_val,25000,high_activity,1,model,acc_top1,0.015625
exp01_gap_length_activity_sweep,phase2_regularization,best_val,25000,high_activity,1,model,acc_top5,0.0625
exp01_gap_length_activity_sweep,phase2_regularization,best_val,25000,high_activity,1,model,si_sdr_db,14.889150721043322
exp01_gap_length_activity_sweep,phase2_regularization,best_val,25000,high_activity,1,model,si_sdr_db_gap_only,-11.58211989956325
exp01_gap_length_activity_sweep,phase2_regularization,best_val,25000,high_activity,1,model,spectral_convergence,0.10965108871459961
exp01_gap_length_activity_sweep,phase2_regularization,best_val,25000,high_activity,1,model,spectral_convergence_gap_only,0.6309564635157585
exp01_gap_length_activity_sweep,phase2_regularization,best_val,25000,high_activity,2,model,loss,6.7581787109375
exp01_gap_length_activity_sweep,phase2_regularization,best_val,25000,high_activity,2,model,nll,6.7581787109375
exp01_gap_length_activity_sweep,phase2_regularization,best_val,25000,high_activity,2,model,ppl,861.0725048575589
exp01_gap_length_activity_sweep,phase2_regularization,best_val,25000,high_activity,2,model,acc_top1,0.0
exp01_gap_length_activity_sweep,phase2_regularization,best_val,25000,high_activity,2,model,acc_top5,0.0390625
exp01_gap_length_activity_sweep,phase2_regularization,best_val,25000,high_activity,2,model,si_sdr_db,9.90905138055249
exp01_gap_length_activity_sweep,phase2_regularization,best_val,25000,high_activity,2,model,si_sdr_db_gap_only,-17.536275062877714
exp01_gap_length_activity_sweep,phase2_regularization,best_val,25000,high_activity,2,model,spectral_convergence,0.20628159306943417
exp01_gap_length_activity_sweep,phase2_regularization,best_val,25000,high_activity,2,model,spectral_convergence_gap_only,0.9292181134223938
exp01_gap_length_activity_sweep,phase2_regularization,best_val,25000,high_activity,4,model,loss,6.510749816894531
exp01_gap_length_activity_sweep,phase2_regularization,best_val,25000,high_activity,4,model,nll,6.510749816894531
exp01_gap_length_activity_sweep,phase2_regularization,best_val,25000,high_activity,4,model,ppl,672.3303532953382
exp01_gap_length_activity_sweep,phase2_regularization,best_val,25000,high_activity,4,model,acc_top1,0.015625
exp01_gap_length_activity_sweep,phase2_regularization,best_val,25000,high_activity,4,model,acc_top5,0.05078125
exp01_gap_length_activity_sweep,phase2_regularization,best_val,25000,high_activity,4,model,si_sdr_db,6.891516089351444
exp01_gap_length_activity_sweep,phase2_regularization,best_val,25000,high_activity,4,model,si_sdr_db_gap_only,-25.395078142082255
exp01_gap_length_activity_sweep,phase2_regularization,best_val,25000,high_activity,4,model,spectral_convergence,0.2561657465994358
exp01_gap_length_activity_sweep,phase2_regularization,best_val,25000,high_activity,4,model,spectral_convergence_gap_only,0.8033100068569183
exp01_gap_length_activity_sweep,phase2_regularization,best_val,25000,high_activity,8,model,loss,6.4984893798828125
exp01_gap_length_activity_sweep,phase2_regularization,best_val,25000,high_activity,8,model,nll,6.4984893798828125
exp01_gap_length_activity_sweep,phase2_regularization,best_val,25000,high_activity,8,model,ppl,664.1376152483749
exp01_gap_length_activity_sweep,phase2_regularization,best_val,25000,high_activity,8,model,acc_top1,0.0078125
exp01_gap_length_activity_sweep,phase2_regularization,best_val,25000,high_activity,8,model,acc_top5,0.056640625
exp01_gap_length_activity_sweep,phase2_regularization,best_val,25000,high_activity,8,model,si_sdr_db,3.5047027961308936
exp01_gap_length_activity_sweep,phase2_regularization,best_val,25000,high_activity,8,model,si_sdr_db_gap_only,-24.45551477022586
exp01_gap_length_activity_sweep,phase2_regularization,best_val,25000,high_activity,8,model,spectral_convergence,0.33132784254848957
exp01_gap_length_activity_sweep,phase2_regularization,best_val,25000,high_activity,8,model,spectral_convergence_gap_only,0.8386005014181137
exp01_gap_length_activity_sweep,phase2_regularization,best_val,25000,high_activity,16,model,loss,6.609104156494141
exp01_gap_length_activity_sweep,phase2_regularization,best_val,25000,high_activity,16,model,nll,6.609104156494141
exp01_gap_length_activity_sweep,phase2_regularization,best_val,25000,high_activity,16,model,ppl,741.8181679716697
exp01_gap_length_activity_sweep,phase2_regularization,best_val,25000,high_activity,16,model,acc_top1,0.009765625
exp01_gap_length_activity_sweep,phase2_regularization,best_val,25000,high_activity,16,model,acc_top5,0.04296875
exp01_gap_length_activity_sweep,phase2_regularization,best_val,25000,high_activity,16,model,si_sdr_db,-0.10687838065042321
exp01_gap_length_activity_sweep,phase2_regularization,best_val,25000,high_activity,16,model,si_sdr_db_gap_only,-28.815472321978774
exp01_gap_length_activity_sweep,phase2_regularization,best_val,25000,high_activity,16,model,spectral_convergence,0.49055469036102295
exp01_gap_length_activity_sweep,phase2_regularization,best_val,25000,high_activity,16,model,spectral_convergence_gap_only,0.8532414585351944
exp01_gap_length_activity_sweep,phase2_regularization,best_val,25000,low_activity,1,model,loss,4.000709533691406
exp01_gap_length_activity_sweep,phase2_regularization,best_val,25000,low_activity,1,model,nll,4.000709533691406
exp01_gap_length_activity_sweep,phase2_regularization,best_val,25000,low_activity,1,model,ppl,54.636903006725596
exp01_gap_length_activity_sweep,phase2_regularization,best_val,25000,low_activity,1,model,acc_top1,0.015625
exp01_gap_length_activity_sweep,phase2_regularization,best_val,25000,low_activity,1,model,acc_top5,0.28125
exp01_gap_length_activity_sweep,phase2_regularization,best_val,25000,low_activity,1,model,si_sdr_db,17.143889052006248
exp01_gap_length_activity_sweep,phase2_regularization,best_val,25000,low_activity,1,model,si_sdr_db_gap_only,3.1641763469476283
exp01_gap_length_activity_sweep,phase2_regularization,best_val,25000,low_activity,1,model,spectral_convergence,0.10525202099233866
exp01_gap_length_activity_sweep,phase2_regularization,best_val,25000,low_activity,1,model,spectral_convergence_gap_only,0.5313437953591347
exp01_gap_length_activity_sweep,phase2_regularization,best_val,25000,low_activity,2,model,loss,3.4152679443359375
exp01_gap_length_activity_sweep,phase2_regularization,best_val,25000,low_activity,2,model,nll,3.4152679443359375
exp01_gap_length_activity_sweep,phase2_regularization,best_val,25000,low_activity,2,model,ppl,30.42510056885811
exp01_gap_length_activity_sweep,phase2_regularization,best_val,25000,low_activity,2,model,acc_top1,0.0390625
exp01_gap_length_activity_sweep,phase2_regularization,best_val,25000,low_activity,2,model,acc_top5,0.3984375
exp01_gap_length_activity_sweep,phase2_regularization,best_val,25000,low_activity,2,model,si_sdr_db,11.854680699515153
exp01_gap_length_activity_sweep,phase2_regularization,best_val,25000,low_activity,2,model,si_sdr_db_gap_only,0.432998543988536
exp01_gap_length_activity_sweep,phase2_regularization,best_val,25000,low_activity,2,model,spectral_convergence,0.18297507520765066
exp01_gap_length_activity_sweep,phase2_regularization,best_val,25000,low_activity,2,model,spectral_convergence_gap_only,0.6315850727260113
exp01_gap_length_activity_sweep,phase2_regularization,best_val,25000,low_activity,4,model,loss,3.489872932434082
exp01_gap_length_activity_sweep,phase2_regularization,best_val,25000,low_activity,4,model,nll,3.489872932434082
exp01_gap_length_activity_sweep,phase2_regularization,best_val,25000,low_activity,4,model,ppl,32.78178194033301
exp01_gap_length_activity_sweep,phase2_regularization,best_val,25000,low_activity,4,model,acc_top1,0.11328125
exp01_gap_length_activity_sweep,phase2_regularization,best_val,25000,low_activity,4,model,acc_top5,0.41796875
exp01_gap_length_activity_sweep,phase2_regularization,best_val,25000,low_activity,4,model,si_sdr_db,8.314284897050053
exp01_gap_length_activity_sweep,phase2_regularization,best_val,25000,low_activity,4,model,si_sdr_db_gap_only,-7.617845127840095
exp01_gap_length_activity_sweep,phase2_regularization,best_val,25000,low_activity,4,model,spectral_convergence,0.26854085735976696
exp01_gap_length_activity_sweep,phase2_regularization,best_val,25000,low_activity,4,model,spectral_convergence_gap_only,0.7216916643083096
exp01_gap_length_activity_sweep,phase2_regularization,best_val,25000,low_activity,8,model,loss,3.1099674701690674
exp01_gap_length_activity_sweep,phase2_regularization,best_val,25000,low_activity,8,model,nll,3.1099674701690674
exp01_gap_length_activity_sweep,phase2_regularization,best_val,25000,low_activity,8,model,ppl,22.420315059825388
exp01_gap_length_activity_sweep,phase2_regularization,best_val,25000,low_activity,8,model,acc_top1,0.150390625
exp01_gap_length_activity_sweep,phase2_regularization,best_val,25000,low_activity,8,model,acc_top5,0.5078125
exp01_gap_length_activity_sweep,phase2_regularization,best_val,25000,low_activity,8,model,si_sdr_db,5.866995675428809
exp01_gap_length_activity_sweep,phase2_regularization,best_val,25000,low_activity,8,model,si_sdr_db_gap_only,-21.414083606454554
exp01_gap_length_activity_sweep,phase2_regularization,best_val,25000,low_activity,8,model,spectral_convergence,0.3361243177205324
exp01_gap_length_activity_sweep,phase2_regularization,best_val,25000,low_activity,8,model,spectral_convergence_gap_only,0.832584585994482
exp01_gap_length_activity_sweep,phase2_regularization,best_val,25000,low_activity,16,model,loss,3.7904300689697266
exp01_gap_length_activity_sweep,phase2_regularization,best_val,25000,low_activity,16,model,nll,3.7904300689697266
exp01_gap_length_activity_sweep,phase2_regularization,best_val,25000,low_activity,16,model,ppl,44.27543767385748
exp01_gap_length_activity_sweep,phase2_regularization,best_val,25000,low_activity,16,model,acc_top1,0.0927734375
exp01_gap_length_activity_sweep,phase2_regularization,best_val,25000,low_activity,16,model,acc_top5,0.3515625
exp01_gap_length_activity_sweep,phase2_regularization,best_val,25000,low_activity,16,model,si_sdr_db,1.4399846672000114
exp01_gap_length_activity_sweep,phase2_regularization,best_val,25000,low_activity,16,model,si_sdr_db_gap_only,-24.39779674858144
exp01_gap_length_activity_sweep,phase2_regularization,best_val,25000,low_activity,16,model,spectral_convergence,0.5289218053221703
exp01_gap_length_activity_sweep,phase2_regularization,best_val,25000,low_activity,16,model,spectral_convergence_gap_only,0.9749476984143257
